id;imagen
1;rosa_sana_001.jpg
2;rosa_estres_leve_001.jpg
3;rosa_estres_fuerte_001.jpg













































































































































































































































241;impatiens_sana_001.jpg
242;impatiens_sana_002.jpg
243;impatiens_sana_003.jpg
244;impatiens_sana_004.jpg
245;impatiens_sana_005.jpg
246;impatiens_sana_006.jpg
247;impatiens_sana_007.jpg
248;impatiens_sana_008.jpg
249;impatiens_sana_009.jpg
250;impatiens_sana_010.jpg
251;impatiens_sana_011.jpg
252;impatiens_sana_012.jpg
253;impatiens_sana_013.jpg
254;impatiens_sana_014.jpg
255;impatiens_sana_015.jpg
256;impatiens_sana_016.jpg
257;impatiens_sana_017.jpg
258;impatiens_sana_018.jpg
259;impatiens_sana_019.jpg
260;impatiens_sana_020.jpg
261;impatiens_sana_021.jpg
262;impatiens_sana_022.jpg
263;impatiens_sana_023.jpg
264;impatiens_sana_024.jpg
265;impatiens_sana_025.jpg
266;impatiens_sana_026.jpg
267;impatiens_sana_027.jpg
268;impatiens_sana_028.jpg
269;impatiens_sana_029.jpg
270;impatiens_sana_030.jpg
271;impatiens_sana_031.jpg
272;impatiens_sana_032.jpg
273;impatiens_sana_033.jpg
274;impatiens_sana_034.jpg
275;impatiens_sana_035.jpg
276;impatiens_sana_036.jpg
277;impatiens_sana_037.jpg
278;impatiens_sana_038.jpg
279;impatiens_sana_039.jpg
280;impatiens_sana_040.jpg
281;impatiens_estres_leve_001.jpg
282;impatiens_estres_leve_002.jpg
283;impatiens_estres_leve_003.jpg
284;impatiens_estres_leve_004.jpg
285;impatiens_estres_leve_005.jpg
286;impatiens_estres_leve_006.jpg
287;impatiens_estres_leve_007.jpg
288;impatiens_estres_leve_008.jpg
289;impatiens_estres_leve_009.jpg
290;impatiens_estres_leve_010.jpg
291;impatiens_estres_leve_011.jpg
292;impatiens_estres_leve_012.jpg
293;impatiens_estres_leve_013.jpg
294;impatiens_estres_leve_014.jpg
295;impatiens_estres_leve_015.jpg
296;impatiens_estres_leve_016.jpg
297;impatiens_estres_leve_017.jpg
298;impatiens_estres_leve_018.jpg
299;impatiens_estres_leve_019.jpg
300;impatiens_estres_leve_020.jpg
301;impatiens_estres_leve_021.jpg
302;impatiens_estres_leve_022.jpg
303;impatiens_estres_leve_023.jpg
304;impatiens_estres_leve_024.jpg
305;impatiens_estres_leve_025.jpg
306;impatiens_estres_leve_026.jpg
307;impatiens_estres_leve_027.jpg
308;impatiens_estres_leve_028.jpg
309;impatiens_estres_leve_029.jpg
310;impatiens_estres_leve_030.jpg
